{
  "analysis_timestamp": "2024-09-09T21:42:51.475185",
  "analyzer_version": "1.0",
  "analysis_mode": "temporal",
  "datasets_analyzed": {
    "truly_raw_analysis": {
      "dataset_info": {
        "name": "truly_raw_analysis",
        "analysis_mode": "temporal",
        "total_samples": 30,
        "source": "truly_raw_direct"
      },
      "sample_statistics": {
        "total_samples": 30,
        "unique_scenarios": 3,
        "scenario_list": [
          "gxb0-1",
          "gxb0-0",
          "gxb0-2"
        ],
        "timestep_range": [
          1.0,
          10.0
        ],
        "unique_timesteps": 10,
        "measurement_count_stats": {
          "min": 40,
          "max": 40,
          "mean": 40.0,
          "std": 0.0
        }
      },
      "field_characteristics": {
        "temperature": {
          "range_stats": {
            "mean": 682.4377324839013,
            "std": 282.7728344838422,
            "min": 282.08785108189073,
            "max": 882.6442776272829
          },
          "field_mean_stats": {
            "mean": 384.09022843341717,
            "std": 40.3079408007191,
            "min": 333.18343094276366,
            "max": 473.8406300147777
          },
          "field_value_range": {
            "global_min": 316.9335987537056,
            "global_max": 1201.3770241784416
          }
        },
        "wind": {
          "range_stats": {
            "mean": 2.7158429098268253,
            "std": 0.36630118811993456,
            "min": 1.1663095419023068,
            "max": 3.0670155286681755
          },
          "field_mean_stats": {
            "mean": 1.316998537077315,
            "std": 0.7375887959031222,
            "min": 0.17186961171111517,
            "max": 1.8440491723820474
          },
          "field_value_range": {
            "global_min": 0.0005116369643535704,
            "global_max": 3.0689404729985093
          }
        }
      },
      "physics_consistency": {
        "temperature_correlation": 0.8,
        "spatial_hotspot_preservation": 0.8,
        "temperature_intensity_preservation": 0.9,
        "fire_source_count_original": 65220.933333333334,
        "fire_source_count_regular": 6869.133333333333,
        "overall_quality": 0.8200000000000002,
        "individual_results": [
          {
            "scenario": "gxb0-0",
            "timestep": 1.0,
            "temperature_correlation": 0.9840103663971251,
            "spatial_hotspot_preservation": 1.0,
            "temperature_intensity_preservation": 1.0083369374333417,
            "fire_source_count_original": 93181,
            "fire_source_count_regular": 9890,
            "overall_quality": 0.9840103663971251
          },
          {
            "scenario": "gxb0-0",
            "timestep": 2.0,
            "temperature_correlation": 0.9781326335394676,
            "spatial_hotspot_preservation": 0.9999661154784495,
            "temperature_intensity_preservation": 1.013037546788749,
            "fire_source_count_original": 29512,
            "fire_source_count_regular": 3357,
            "overall_quality": 0.9780994899831671
          },
          {
            "scenario": "gxb0-0",
            "timestep": 3.0,
            "temperature_correlation": 0.977066308483346,
            "spatial_hotspot_preservation": 1.0,
            "temperature_intensity_preservation": 1.0186717607660425,
            "fire_source_count_original": 18652,
            "fire_source_count_regular": 1992,
            "overall_quality": 0.977066308483346
          },
          {
            "scenario": "gxb0-0",
            "timestep": 4.0,
            "temperature_correlation": 0.9770024714458366,
            "spatial_hotspot_preservation": 0.9997309803077585,
            "temperature_intensity_preservation": 1.023385803423066,
            "fire_source_count_original": 18586,
            "fire_source_count_regular": 1936,
            "overall_quality": 0.9767396385416491
          },
          {
            "scenario": "gxb0-0",
            "timestep": 5.0,
            "temperature_correlation": 0.9770420213221919,
            "spatial_hotspot_preservation": 0.9998422049232064,
            "temperature_intensity_preservation": 1.025047611380384,
            "fire_source_count_original": 19012,
            "fire_source_count_regular": 1934,
            "overall_quality": 0.9768878489014068
          },
          {
            "scenario": "gxb0-0",
            "timestep": 6.0,
            "temperature_correlation": 0.9770857705078189,
            "spatial_hotspot_preservation": 0.9996886351842241,
            "temperature_intensity_preservation": 1.025946263073035,
            "fire_source_count_original": 19270,
            "fire_source_count_regular": 1934,
            "overall_quality": 0.9767815403768875
          },
          {
            "scenario": "gxb0-0",
            "timestep": 7.0,
            "temperature_correlation": 0.9770639285465237,
            "spatial_hotspot_preservation": 0.9994336028010916,
            "temperature_intensity_preservation": 1.0251423015434573,
            "fire_source_count_original": 19421,
            "fire_source_count_regular": 1938,
            "overall_quality": 0.9765105222742405
          },
          {
            "scenario": "gxb0-0",
            "timestep": 8.0,
            "temperature_correlation": 0.9770869018691147,
            "spatial_hotspot_preservation": 0.9994338360183231,
            "temperature_intensity_preservation": 1.025340805089046,
            "fire_source_count_original": 19429,
            "fire_source_count_regular": 1939,
            "overall_quality": 0.9765337104583082
          },
          {
            "scenario": "gxb0-0",
            "timestep": 9.0,
            "temperature_correlation": 0.977094252371963,
            "spatial_hotspot_preservation": 0.9991747046990251,
            "temperature_intensity_preservation": 1.0253960829124047,
            "fire_source_count_original": 19387,
            "fire_source_count_regular": 1930,
            "overall_quality": 0.9762878610768709
          },
          {
            "scenario": "gxb0-0",
            "timestep": 10.0,
            "temperature_correlation": 0.977106848691778,
            "spatial_hotspot_preservation": 0.9996390077871178,
            "temperature_intensity_preservation": 1.0248144540348776,
            "fire_source_count_original": 19391,
            "fire_source_count_regular": 1939,
            "overall_quality": 0.9767541207282464
          },
          {
            "scenario": "gxb0-1",
            "timestep": 1.0,
            "temperature_correlation": 0.9928303330128931,
            "spatial_hotspot_preservation": 1.0,
            "temperature_intensity_preservation": 1.0613221395656047,
            "fire_source_count_original": 125534,
            "fire_source_count_regular": 13387,
            "overall_quality": 0.9928303330128931
          },
          {
            "scenario": "gxb0-1",
            "timestep": 2.0,
            "temperature_correlation": 0.9945028520410883,
            "spatial_hotspot_preservation": 0.9999592956519615,
            "temperature_intensity_preservation": 1.0749232923398473,
            "fire_source_count_original": 122837,
            "fire_source_count_regular": 13064,
            "overall_quality": 0.9944623714508736
          },
          {
            "scenario": "gxb0-1",
            "timestep": 3.0,
            "temperature_correlation": 0.9933432888672598,
            "spatial_hotspot_preservation": 1.0,
            "temperature_intensity_preservation": 1.085732074381524,
            "fire_source_count_original": 120835,
            "fire_source_count_regular": 12832,
            "overall_quality": 0.9933432888672598
          },
          {
            "scenario": "gxb0-1",
            "timestep": 4.0,
            "temperature_correlation": 0.9923155818216637,
            "spatial_hotspot_preservation": 1.0,